year,Vessel Type,Country,CO2eq
2009,Cargo,Cook Islands,69809
2009,Cargo,Fiji,50623
2009,Cargo,Kiribati,82676
2009,Cargo,Marshall Islands,39753
2009,Cargo,Micronesia,843346
2009,Cargo,Nauru,6246
2009,Cargo,Niue,13772
2009,Cargo,Palau,191507
2009,Cargo,Papua New Guinea,2192164
2009,Cargo,Samoa,5567
2009,Cargo,Solomon Islands,106859
2009,Cargo,Tokelau,4582
2009,Cargo,Tonga,20516
2009,Cargo,Tuvalu,5436
2009,Cargo,Vanuatu,32540
2009,Fishing,Cook Islands,212
2009,Fishing,Fiji,166
2009,Fishing,Kiribati,25018
2009,Fishing,Marshall Islands,4644
2009,Fishing,Micronesia,16218
2009,Fishing,Nauru,1438
2009,Fishing,Niue,30
2009,Fishing,Palau,167
2009,Fishing,Papua New Guinea,9867
2009,Fishing,Samoa,47
2009,Fishing,Solomon Islands,10137
2009,Fishing,Tokelau,13
2009,Fishing,Tonga,61
2009,Fishing,Tuvalu,4227
2009,Fishing,Vanuatu,116
2009,Others,Cook Islands,2615
2009,Others,Fiji,5924
2009,Others,Kiribati,16007
2009,Others,Marshall Islands,7703
2009,Others,Micronesia,24924
2009,Others,Nauru,1337
2009,Others,Niue,454
2009,Others,Palau,6406
2009,Others,Papua New Guinea,35677
2009,Others,Samoa,1321
2009,Others,Solomon Islands,8863
2009,Others,Tokelau,227
2009,Others,Tonga,3242
2009,Others,Tuvalu,3819
2009,Others,Vanuatu,3137
2009,Passenger,Cook Islands,9423
2009,Passenger,Fiji,25835
2009,Passenger,Kiribati,14292
2009,Passenger,Marshall Islands,179
2009,Passenger,Micronesia,6313
2009,Passenger,Nauru,16
2009,Passenger,Niue,2418
2009,Passenger,Palau,823
2009,Passenger,Papua New Guinea,19299
2009,Passenger,Samoa,2205
2009,Passenger,Solomon Islands,2258
2009,Passenger,Tokelau,1277
2009,Passenger,Tonga,11119
2009,Passenger,Tuvalu,216
2009,Passenger,Vanuatu,27735
2009,Tanker,Cook Islands,7039
2009,Tanker,Fiji,23589
2009,Tanker,Kiribati,12885
2009,Tanker,Marshall Islands,13958
2009,Tanker,Micronesia,67056
2009,Tanker,Nauru,1653
2009,Tanker,Niue,2222
2009,Tanker,Palau,19863
2009,Tanker,Papua New Guinea,209362
2009,Tanker,Samoa,1609
2009,Tanker,Solomon Islands,22963
2009,Tanker,Tokelau,428
2009,Tanker,Tonga,6636
2009,Tanker,Tuvalu,1877
2009,Tanker,Vanuatu,9718
2010,Cargo,Cook Islands,83090
2010,Cargo,Fiji,66964
2010,Cargo,Kiribati,102992
2010,Cargo,Marshall Islands,55535
2010,Cargo,Micronesia,1011803
2010,Cargo,Nauru,8309
2010,Cargo,Niue,17811
2010,Cargo,Palau,197865
2010,Cargo,Papua New Guinea,2466953
2010,Cargo,Samoa,5328
2010,Cargo,Solomon Islands,130122
2010,Cargo,Tokelau,5270
2010,Cargo,Tonga,21133
2010,Cargo,Tuvalu,8788
2010,Cargo,Vanuatu,44657
2010,Fishing,Cook Islands,534
2010,Fishing,Fiji,911
2010,Fishing,Kiribati,39941
2010,Fishing,Marshall Islands,6536
2010,Fishing,Micronesia,22698
2010,Fishing,Nauru,4800
2010,Fishing,Niue,56
2010,Fishing,Palau,594
2010,Fishing,Papua New Guinea,28459
2010,Fishing,Samoa,49
2010,Fishing,Solomon Islands,20819
2010,Fishing,Tokelau,547
2010,Fishing,Tonga,117
2010,Fishing,Tuvalu,9042
2010,Fishing,Vanuatu,127
2010,Others,Cook Islands,3624
2010,Others,Fiji,7399
2010,Others,Kiribati,13897
2010,Others,Marshall Islands,3574
2010,Others,Micronesia,17017
2010,Others,Nauru,2429
2010,Others,Niue,807
2010,Others,Palau,4884
2010,Others,Papua New Guinea,18362
2010,Others,Samoa,618
2010,Others,Solomon Islands,5447
2010,Others,Tokelau,2008
2010,Others,Tonga,4352
2010,Others,Tuvalu,3736
2010,Others,Vanuatu,1840
2010,Passenger,Cook Islands,12400
2010,Passenger,Fiji,31579
2010,Passenger,Kiribati,15985
2010,Passenger,Marshall Islands,27
2010,Passenger,Micronesia,3801
2010,Passenger,Nauru,16
2010,Passenger,Niue,1131
2010,Passenger,Palau,639
2010,Passenger,Papua New Guinea,16133
2010,Passenger,Samoa,3900
2010,Passenger,Solomon Islands,1209
2010,Passenger,Tokelau,1864
2010,Passenger,Tonga,9225
2010,Passenger,Tuvalu,294
2010,Passenger,Vanuatu,34911
2010,Tanker,Cook Islands,8465
2010,Tanker,Fiji,28477
2010,Tanker,Kiribati,18625
2010,Tanker,Marshall Islands,22155
2010,Tanker,Micronesia,83826
2010,Tanker,Nauru,1675
2010,Tanker,Niue,3730
2010,Tanker,Palau,31534
2010,Tanker,Papua New Guinea,215672
2010,Tanker,Samoa,2419
2010,Tanker,Solomon Islands,28865
2010,Tanker,Tokelau,401
2010,Tanker,Tonga,8921
2010,Tanker,Tuvalu,1811
2010,Tanker,Vanuatu,11547
2011,Cargo,Cook Islands,95049
2011,Cargo,Fiji,78437
2011,Cargo,Kiribati,126472
2011,Cargo,Marshall Islands,67109
2011,Cargo,Micronesia,1440548
2011,Cargo,Nauru,6847
2011,Cargo,Niue,20768
2011,Cargo,Palau,349855
2011,Cargo,Papua New Guinea,3583784
2011,Cargo,Samoa,5564
2011,Cargo,Solomon Islands,177581
2011,Cargo,Tokelau,8896
2011,Cargo,Tonga,25914
2011,Cargo,Tuvalu,13296
2011,Cargo,Vanuatu,44077
2011,Fishing,Cook Islands,370
2011,Fishing,Fiji,964
2011,Fishing,Kiribati,93168
2011,Fishing,Marshall Islands,8823
2011,Fishing,Micronesia,43947
2011,Fishing,Nauru,12745
2011,Fishing,Niue,29
2011,Fishing,Palau,2179
2011,Fishing,Papua New Guinea,70871
2011,Fishing,Samoa,168
2011,Fishing,Solomon Islands,43200
2011,Fishing,Tokelau,799
2011,Fishing,Tonga,120
2011,Fishing,Tuvalu,10921
2011,Fishing,Vanuatu,220
2011,Others,Cook Islands,9937
2011,Others,Fiji,19297
2011,Others,Kiribati,18168
2011,Others,Marshall Islands,5420
2011,Others,Micronesia,29639
2011,Others,Nauru,2329
2011,Others,Niue,1762
2011,Others,Palau,7294
2011,Others,Papua New Guinea,41984
2011,Others,Samoa,944
2011,Others,Solomon Islands,10994
2011,Others,Tokelau,2376
2011,Others,Tonga,9263
2011,Others,Tuvalu,2330
2011,Others,Vanuatu,7067
2011,Passenger,Cook Islands,15988
2011,Passenger,Fiji,32878
2011,Passenger,Kiribati,13358
2011,Passenger,Marshall Islands,1268
2011,Passenger,Micronesia,5102
2011,Passenger,Niue,2276
2011,Passenger,Palau,782
2011,Passenger,Papua New Guinea,26280
2011,Passenger,Samoa,2352
2011,Passenger,Solomon Islands,2718
2011,Passenger,Tokelau,1979
2011,Passenger,Tonga,13166
2011,Passenger,Tuvalu,80
2011,Passenger,Vanuatu,39041
2011,Tanker,Cook Islands,12536
2011,Tanker,Fiji,36065
2011,Tanker,Kiribati,31900
2011,Tanker,Marshall Islands,17713
2011,Tanker,Micronesia,116890
2011,Tanker,Nauru,4029
2011,Tanker,Niue,4956
2011,Tanker,Palau,37043
2011,Tanker,Papua New Guinea,341432
2011,Tanker,Samoa,2494
2011,Tanker,Solomon Islands,39882
2011,Tanker,Tokelau,1555
2011,Tanker,Tonga,10775
2011,Tanker,Tuvalu,3969
2011,Tanker,Vanuatu,10431
2012,Cargo,Cook Islands,102523
2012,Cargo,Fiji,87783
2012,Cargo,Kiribati,145250
2012,Cargo,Marshall Islands,75697
2012,Cargo,Micronesia,1565420
2012,Cargo,Nauru,7448
2012,Cargo,Niue,22577
2012,Cargo,Palau,362591
2012,Cargo,Papua New Guinea,3860118
2012,Cargo,Samoa,7612
2012,Cargo,Solomon Islands,177365
2012,Cargo,Tokelau,8793
2012,Cargo,Tonga,32388
2012,Cargo,Tuvalu,20490
2012,Cargo,Vanuatu,40698
2012,Fishing,Cook Islands,1673
2012,Fishing,Fiji,1973
2012,Fishing,Kiribati,124812
2012,Fishing,Marshall Islands,14311
2012,Fishing,Micronesia,56499
2012,Fishing,Nauru,9887
2012,Fishing,Niue,91
2012,Fishing,Palau,3122
2012,Fishing,Papua New Guinea,54916
2012,Fishing,Samoa,420
2012,Fishing,Solomon Islands,22853
2012,Fishing,Tokelau,2197
2012,Fishing,Tonga,271
2012,Fishing,Tuvalu,15997
2012,Fishing,Vanuatu,610
2012,Others,Cook Islands,14855
2012,Others,Fiji,32796
2012,Others,Kiribati,35533
2012,Others,Marshall Islands,9137
2012,Others,Micronesia,39899
2012,Others,Nauru,4397
2012,Others,Niue,4293
2012,Others,Palau,6531
2012,Others,Papua New Guinea,57092
2012,Others,Samoa,2167
2012,Others,Solomon Islands,12917
2012,Others,Tokelau,2476
2012,Others,Tonga,13211
2012,Others,Tuvalu,8876
2012,Others,Vanuatu,13090
2012,Passenger,Cook Islands,14300
2012,Passenger,Fiji,47877
2012,Passenger,Kiribati,21278
2012,Passenger,Marshall Islands,616
2012,Passenger,Micronesia,6223
2012,Passenger,Niue,1843
2012,Passenger,Palau,605
2012,Passenger,Papua New Guinea,28616
2012,Passenger,Samoa,4608
2012,Passenger,Solomon Islands,2685
2012,Passenger,Tokelau,3278
2012,Passenger,Tonga,16486
2012,Passenger,Tuvalu,769
2012,Passenger,Vanuatu,53409
2012,Tanker,Cook Islands,15604
2012,Tanker,Fiji,31760
2012,Tanker,Kiribati,36343
2012,Tanker,Marshall Islands,18878
2012,Tanker,Micronesia,121380
2012,Tanker,Nauru,5857
2012,Tanker,Niue,5557
2012,Tanker,Palau,42925
2012,Tanker,Papua New Guinea,335969
2012,Tanker,Samoa,1807
2012,Tanker,Solomon Islands,34154
2012,Tanker,Tokelau,1065
2012,Tanker,Tonga,10459
2012,Tanker,Tuvalu,3651
2012,Tanker,Vanuatu,8827
2013,Cargo,Cook Islands,96513
2013,Cargo,Fiji,99784
2013,Cargo,Kiribati,137651
2013,Cargo,Marshall Islands,82885
2013,Cargo,Micronesia,1634253
2013,Cargo,Nauru,10187
2013,Cargo,Niue,17993
2013,Cargo,Palau,355299
2013,Cargo,Papua New Guinea,3973520
2013,Cargo,Samoa,6826
2013,Cargo,Solomon Islands,197363
2013,Cargo,Tokelau,10388
2013,Cargo,Tonga,35360
2013,Cargo,Tuvalu,13408
2013,Cargo,Vanuatu,47874
2013,Fishing,Cook Islands,1066
2013,Fishing,Fiji,3915
2013,Fishing,Kiribati,83295
2013,Fishing,Marshall Islands,16552
2013,Fishing,Micronesia,72614
2013,Fishing,Nauru,20248
2013,Fishing,Niue,178
2013,Fishing,Palau,5914
2013,Fishing,Papua New Guinea,116384
2013,Fishing,Samoa,331
2013,Fishing,Solomon Islands,49691
2013,Fishing,Tokelau,1931
2013,Fishing,Tonga,432
2013,Fishing,Tuvalu,11277
2013,Fishing,Vanuatu,518
2013,Others,Cook Islands,15543
2013,Others,Fiji,40319
2013,Others,Kiribati,19916
2013,Others,Marshall Islands,11242
2013,Others,Micronesia,32750
2013,Others,Nauru,3629
2013,Others,Niue,5159
2013,Others,Palau,6044
2013,Others,Papua New Guinea,50236
2013,Others,Samoa,2606
2013,Others,Solomon Islands,10594
2013,Others,Tokelau,2247
2013,Others,Tonga,14873
2013,Others,Tuvalu,5353
2013,Others,Vanuatu,13441
2013,Passenger,Cook Islands,17294
2013,Passenger,Fiji,55394
2013,Passenger,Kiribati,20787
2013,Passenger,Marshall Islands,910
2013,Passenger,Micronesia,5764
2013,Passenger,Nauru,0
2013,Passenger,Niue,2162
2013,Passenger,Palau,1059
2013,Passenger,Papua New Guinea,29523
2013,Passenger,Samoa,4168
2013,Passenger,Solomon Islands,3183
2013,Passenger,Tokelau,4404
2013,Passenger,Tonga,16056
2013,Passenger,Tuvalu,42
2013,Passenger,Vanuatu,63573
2013,Tanker,Cook Islands,13617
2013,Tanker,Fiji,29658
2013,Tanker,Kiribati,28723
2013,Tanker,Marshall Islands,19342
2013,Tanker,Micronesia,144401
2013,Tanker,Nauru,5656
2013,Tanker,Niue,3833
2013,Tanker,Palau,34741
2013,Tanker,Papua New Guinea,390912
2013,Tanker,Samoa,2194
2013,Tanker,Solomon Islands,35516
2013,Tanker,Tokelau,891
2013,Tanker,Tonga,10078
2013,Tanker,Tuvalu,2846
2013,Tanker,Vanuatu,10518
2014,Cargo,Cook Islands,100011
2014,Cargo,Fiji,83673
2014,Cargo,Kiribati,136094
2014,Cargo,Marshall Islands,95111
2014,Cargo,Micronesia,1544819
2014,Cargo,Nauru,10852
2014,Cargo,Niue,20250
2014,Cargo,Palau,398347
2014,Cargo,Papua New Guinea,3895345
2014,Cargo,Samoa,6262
2014,Cargo,Solomon Islands,188439
2014,Cargo,Tokelau,8880
2014,Cargo,Tonga,39267
2014,Cargo,Tuvalu,16023
2014,Cargo,Vanuatu,39303
2014,Fishing,Cook Islands,3035
2014,Fishing,Fiji,5312
2014,Fishing,Kiribati,197106
2014,Fishing,Marshall Islands,28871
2014,Fishing,Micronesia,70361
2014,Fishing,Nauru,26611
2014,Fishing,Niue,240
2014,Fishing,Palau,7436
2014,Fishing,Papua New Guinea,66795
2014,Fishing,Samoa,697
2014,Fishing,Solomon Islands,25018
2014,Fishing,Tokelau,4079
2014,Fishing,Tonga,415
2014,Fishing,Tuvalu,21489
2014,Fishing,Vanuatu,596
2014,Others,Cook Islands,14384
2014,Others,Fiji,44357
2014,Others,Kiribati,24649
2014,Others,Marshall Islands,9161
2014,Others,Micronesia,24163
2014,Others,Nauru,3632
2014,Others,Niue,4656
2014,Others,Palau,6043
2014,Others,Papua New Guinea,54830
2014,Others,Samoa,2486
2014,Others,Solomon Islands,12465
2014,Others,Tokelau,2788
2014,Others,Tonga,13112
2014,Others,Tuvalu,2845
2014,Others,Vanuatu,13903
2014,Passenger,Cook Islands,15860
2014,Passenger,Fiji,68891
2014,Passenger,Kiribati,18144
2014,Passenger,Marshall Islands,1052
2014,Passenger,Micronesia,3297
2014,Passenger,Nauru,0
2014,Passenger,Niue,2563
2014,Passenger,Palau,1154
2014,Passenger,Papua New Guinea,35589
2014,Passenger,Samoa,4352
2014,Passenger,Solomon Islands,5569
2014,Passenger,Tokelau,3711
2014,Passenger,Tonga,17563
2014,Passenger,Tuvalu,504
2014,Passenger,Vanuatu,67498
2014,Tanker,Cook Islands,11984
2014,Tanker,Fiji,26931
2014,Tanker,Kiribati,34432
2014,Tanker,Marshall Islands,25757
2014,Tanker,Micronesia,185744
2014,Tanker,Nauru,8064
2014,Tanker,Niue,3050
2014,Tanker,Palau,48215
2014,Tanker,Papua New Guinea,478418
2014,Tanker,Samoa,1643
2014,Tanker,Solomon Islands,37320
2014,Tanker,Tokelau,903
2014,Tanker,Tonga,6136
2014,Tanker,Tuvalu,2240
2014,Tanker,Vanuatu,9722
2015,Cargo,Cook Islands,96246
2015,Cargo,Fiji,70550
2015,Cargo,Kiribati,137093
2015,Cargo,Marshall Islands,97369
2015,Cargo,Micronesia,1492408
2015,Cargo,Nauru,11082
2015,Cargo,Niue,18621
2015,Cargo,Palau,388626
2015,Cargo,Papua New Guinea,3834053
2015,Cargo,Samoa,7276
2015,Cargo,Solomon Islands,185348
2015,Cargo,Tokelau,7163
2015,Cargo,Tonga,28080
2015,Cargo,Tuvalu,19691
2015,Cargo,Vanuatu,38060
2015,Fishing,Cook Islands,7063
2015,Fishing,Fiji,12897
2015,Fishing,Kiribati,234504
2015,Fishing,Marshall Islands,56156
2015,Fishing,Micronesia,88804
2015,Fishing,Nauru,24604
2015,Fishing,Niue,304
2015,Fishing,Palau,5770
2015,Fishing,Papua New Guinea,56393
2015,Fishing,Samoa,1777
2015,Fishing,Solomon Islands,38854
2015,Fishing,Tokelau,11413
2015,Fishing,Tonga,1585
2015,Fishing,Tuvalu,26114
2015,Fishing,Vanuatu,5090
2015,Others,Cook Islands,18107
2015,Others,Fiji,54645
2015,Others,Kiribati,22791
2015,Others,Marshall Islands,12591
2015,Others,Micronesia,38837
2015,Others,Nauru,3850
2015,Others,Niue,4626
2015,Others,Palau,6431
2015,Others,Papua New Guinea,46251
2015,Others,Samoa,3485
2015,Others,Solomon Islands,11990
2015,Others,Tokelau,3530
2015,Others,Tonga,15528
2015,Others,Tuvalu,5860
2015,Others,Vanuatu,18850
2015,Passenger,Cook Islands,19374
2015,Passenger,Fiji,59614
2015,Passenger,Kiribati,24912
2015,Passenger,Marshall Islands,2132
2015,Passenger,Micronesia,4924
2015,Passenger,Nauru,38
2015,Passenger,Niue,3162
2015,Passenger,Palau,394
2015,Passenger,Papua New Guinea,52928
2015,Passenger,Samoa,5398
2015,Passenger,Solomon Islands,4095
2015,Passenger,Tokelau,4638
2015,Passenger,Tonga,21368
2015,Passenger,Tuvalu,361
2015,Passenger,Vanuatu,57015
2015,Tanker,Cook Islands,11873
2015,Tanker,Fiji,24295
2015,Tanker,Kiribati,45402
2015,Tanker,Marshall Islands,27950
2015,Tanker,Micronesia,307062
2015,Tanker,Nauru,9272
2015,Tanker,Niue,2443
2015,Tanker,Palau,58844
2015,Tanker,Papua New Guinea,716375
2015,Tanker,Samoa,2011
2015,Tanker,Solomon Islands,36096
2015,Tanker,Tokelau,417
2015,Tanker,Tonga,6853
2015,Tanker,Tuvalu,3666
2015,Tanker,Vanuatu,7763
2016,Cargo,Cook Islands,96294
2016,Cargo,Fiji,88761
2016,Cargo,Kiribati,154344
2016,Cargo,Marshall Islands,103661
2016,Cargo,Micronesia,1647684
2016,Cargo,Nauru,10038
2016,Cargo,Niue,17022
2016,Cargo,Palau,427902
2016,Cargo,Papua New Guinea,4173515
2016,Cargo,Samoa,14669
2016,Cargo,Solomon Islands,222954
2016,Cargo,Tokelau,17136
2016,Cargo,Tonga,29756
2016,Cargo,Tuvalu,21739
2016,Cargo,Vanuatu,43312
2016,Fishing,Cook Islands,12082
2016,Fishing,Fiji,18042
2016,Fishing,Kiribati,192796
2016,Fishing,Marshall Islands,74508
2016,Fishing,Micronesia,129878
2016,Fishing,Nauru,39006
2016,Fishing,Niue,1055
2016,Fishing,Palau,10494
2016,Fishing,Papua New Guinea,128203
2016,Fishing,Samoa,4321
2016,Fishing,Solomon Islands,63700
2016,Fishing,Tokelau,10797
2016,Fishing,Tonga,2361
2016,Fishing,Tuvalu,47480
2016,Fishing,Vanuatu,13400
2016,Others,Cook Islands,26625
2016,Others,Fiji,47473
2016,Others,Kiribati,27448
2016,Others,Marshall Islands,10385
2016,Others,Micronesia,37489
2016,Others,Nauru,4137
2016,Others,Niue,4912
2016,Others,Palau,11345
2016,Others,Papua New Guinea,41869
2016,Others,Samoa,3254
2016,Others,Solomon Islands,9623
2016,Others,Tokelau,3664
2016,Others,Tonga,12956
2016,Others,Tuvalu,5627
2016,Others,Vanuatu,17468
2016,Passenger,Cook Islands,23664
2016,Passenger,Fiji,64271
2016,Passenger,Kiribati,17928
2016,Passenger,Marshall Islands,698
2016,Passenger,Micronesia,3569
2016,Passenger,Nauru,38
2016,Passenger,Niue,2968
2016,Passenger,Palau,2418
2016,Passenger,Papua New Guinea,66470
2016,Passenger,Samoa,4177
2016,Passenger,Solomon Islands,7949
2016,Passenger,Tokelau,2570
2016,Passenger,Tonga,14873
2016,Passenger,Tuvalu,855
2016,Passenger,Vanuatu,69025
2016,Tanker,Cook Islands,12561
2016,Tanker,Fiji,28384
2016,Tanker,Kiribati,33154
2016,Tanker,Marshall Islands,32905
2016,Tanker,Micronesia,458109
2016,Tanker,Nauru,5615
2016,Tanker,Niue,3434
2016,Tanker,Palau,73438
2016,Tanker,Papua New Guinea,1084298
2016,Tanker,Samoa,1617
2016,Tanker,Solomon Islands,43071
2016,Tanker,Tokelau,816
2016,Tanker,Tonga,9624
2016,Tanker,Tuvalu,5039
2016,Tanker,Vanuatu,8348
2017,Cargo,Cook Islands,89509
2017,Cargo,Fiji,102408
2017,Cargo,Kiribati,135001
2017,Cargo,Marshall Islands,96811
2017,Cargo,Micronesia,1711588
2017,Cargo,Nauru,10653
2017,Cargo,Niue,17033
2017,Cargo,Palau,435341
2017,Cargo,Papua New Guinea,4251320
2017,Cargo,Samoa,21645
2017,Cargo,Solomon Islands,245441
2017,Cargo,Tokelau,16661
2017,Cargo,Tonga,29695
2017,Cargo,Tuvalu,22788
2017,Cargo,Vanuatu,45018
2017,Fishing,Cook Islands,12941
2017,Fishing,Fiji,16393
2017,Fishing,Kiribati,128459
2017,Fishing,Marshall Islands,58775
2017,Fishing,Micronesia,131847
2017,Fishing,Nauru,32638
2017,Fishing,Niue,727
2017,Fishing,Palau,13394
2017,Fishing,Papua New Guinea,147507
2017,Fishing,Samoa,2926
2017,Fishing,Solomon Islands,61049
2017,Fishing,Tokelau,7179
2017,Fishing,Tonga,2271
2017,Fishing,Tuvalu,28939
2017,Fishing,Vanuatu,19121
2017,Others,Cook Islands,27585
2017,Others,Fiji,71930
2017,Others,Kiribati,17522
2017,Others,Marshall Islands,16141
2017,Others,Micronesia,49570
2017,Others,Nauru,3896
2017,Others,Niue,6947
2017,Others,Palau,44297
2017,Others,Papua New Guinea,57224
2017,Others,Samoa,3147
2017,Others,Solomon Islands,15302
2017,Others,Tokelau,2662
2017,Others,Tonga,25515
2017,Others,Tuvalu,5365
2017,Others,Vanuatu,27906
2017,Passenger,Cook Islands,22827
2017,Passenger,Fiji,70292
2017,Passenger,Kiribati,23441
2017,Passenger,Marshall Islands,1758
2017,Passenger,Micronesia,5359
2017,Passenger,Nauru,5
2017,Passenger,Niue,2669
2017,Passenger,Palau,2205
2017,Passenger,Papua New Guinea,75139
2017,Passenger,Samoa,3018
2017,Passenger,Solomon Islands,11748
2017,Passenger,Tokelau,2531
2017,Passenger,Tonga,19280
2017,Passenger,Tuvalu,743
2017,Passenger,Vanuatu,67056
2017,Tanker,Cook Islands,9882
2017,Tanker,Fiji,24873
2017,Tanker,Kiribati,26691
2017,Tanker,Marshall Islands,26920
2017,Tanker,Micronesia,518349
2017,Tanker,Nauru,5459
2017,Tanker,Niue,3561
2017,Tanker,Palau,71013
2017,Tanker,Papua New Guinea,1173443
2017,Tanker,Samoa,1823
2017,Tanker,Solomon Islands,32753
2017,Tanker,Tokelau,238
2017,Tanker,Tonga,8510
2017,Tanker,Tuvalu,2849
2017,Tanker,Vanuatu,7209
2018,Cargo,Cook Islands,91231
2018,Cargo,Fiji,100099
2018,Cargo,Kiribati,156159
2018,Cargo,Marshall Islands,101977
2018,Cargo,Micronesia,1695918
2018,Cargo,Nauru,11421
2018,Cargo,Niue,15855
2018,Cargo,Palau,461598
2018,Cargo,Papua New Guinea,4295642
2018,Cargo,Samoa,19856
2018,Cargo,Solomon Islands,234676
2018,Cargo,Tokelau,10873
2018,Cargo,Tonga,29328
2018,Cargo,Tuvalu,25004
2018,Cargo,Vanuatu,39828
2018,Fishing,Cook Islands,12007
2018,Fishing,Fiji,15500
2018,Fishing,Kiribati,101221
2018,Fishing,Marshall Islands,60454
2018,Fishing,Micronesia,159686
2018,Fishing,Nauru,44290
2018,Fishing,Niue,1035
2018,Fishing,Palau,11708
2018,Fishing,Papua New Guinea,126245
2018,Fishing,Samoa,2166
2018,Fishing,Solomon Islands,46364
2018,Fishing,Tokelau,6108
2018,Fishing,Tonga,1832
2018,Fishing,Tuvalu,29045
2018,Fishing,Vanuatu,11459
2018,Others,Cook Islands,27969
2018,Others,Fiji,70645
2018,Others,Kiribati,16222
2018,Others,Marshall Islands,14315
2018,Others,Micronesia,56000
2018,Others,Nauru,2936
2018,Others,Niue,6273
2018,Others,Palau,42928
2018,Others,Papua New Guinea,71864
2018,Others,Samoa,6522
2018,Others,Solomon Islands,25746
2018,Others,Tokelau,2257
2018,Others,Tonga,21380
2018,Others,Tuvalu,5123
2018,Others,Vanuatu,22245
2018,Passenger,Cook Islands,19209
2018,Passenger,Fiji,64781
2018,Passenger,Kiribati,16234
2018,Passenger,Marshall Islands,247
2018,Passenger,Micronesia,3540
2018,Passenger,Nauru,8
2018,Passenger,Niue,2510
2018,Passenger,Palau,1283
2018,Passenger,Papua New Guinea,57201
2018,Passenger,Samoa,2645
2018,Passenger,Solomon Islands,4683
2018,Passenger,Tokelau,2914
2018,Passenger,Tonga,17258
2018,Passenger,Tuvalu,596
2018,Passenger,Vanuatu,53226
2018,Tanker,Cook Islands,13355
2018,Tanker,Fiji,24440
2018,Tanker,Kiribati,37305
2018,Tanker,Marshall Islands,26288
2018,Tanker,Micronesia,485440
2018,Tanker,Nauru,7334
2018,Tanker,Niue,4264
2018,Tanker,Palau,91019
2018,Tanker,Papua New Guinea,1140110
2018,Tanker,Samoa,1718
2018,Tanker,Solomon Islands,39604
2018,Tanker,Tokelau,686
2018,Tanker,Tonga,8008
2018,Tanker,Tuvalu,3094
2018,Tanker,Vanuatu,9044
2019,Cargo,Cook Islands,96468
2019,Cargo,Fiji,86716
2019,Cargo,Kiribati,177734
2019,Cargo,Marshall Islands,115530
2019,Cargo,Micronesia,1668720
2019,Cargo,Nauru,13957
2019,Cargo,Niue,12463
2019,Cargo,Palau,457498
2019,Cargo,Papua New Guinea,4403041
2019,Cargo,Samoa,16350
2019,Cargo,Solomon Islands,231962
2019,Cargo,Tokelau,8202
2019,Cargo,Tonga,29167
2019,Cargo,Tuvalu,26098
2019,Cargo,Vanuatu,43038
2019,Fishing,Cook Islands,17933
2019,Fishing,Fiji,12049
2019,Fishing,Kiribati,154126
2019,Fishing,Marshall Islands,48634
2019,Fishing,Micronesia,131895
2019,Fishing,Nauru,29057
2019,Fishing,Niue,936
2019,Fishing,Palau,7322
2019,Fishing,Papua New Guinea,131794
2019,Fishing,Samoa,2406
2019,Fishing,Solomon Islands,37894
2019,Fishing,Tokelau,5114
2019,Fishing,Tonga,3187
2019,Fishing,Tuvalu,35073
2019,Fishing,Vanuatu,11611
2019,Others,Cook Islands,26040
2019,Others,Fiji,38413
2019,Others,Kiribati,19142
2019,Others,Marshall Islands,8678
2019,Others,Micronesia,39800
2019,Others,Nauru,2954
2019,Others,Niue,5310
2019,Others,Palau,8537
2019,Others,Papua New Guinea,76110
2019,Others,Samoa,3148
2019,Others,Solomon Islands,15196
2019,Others,Tokelau,1562
2019,Others,Tonga,13804
2019,Others,Tuvalu,4381
2019,Others,Vanuatu,10064
2019,Passenger,Cook Islands,21879
2019,Passenger,Fiji,63014
2019,Passenger,Kiribati,25407
2019,Passenger,Marshall Islands,1468
2019,Passenger,Micronesia,5372
2019,Passenger,Nauru,60
2019,Passenger,Niue,3330
2019,Passenger,Palau,2201
2019,Passenger,Papua New Guinea,56132
2019,Passenger,Samoa,3377
2019,Passenger,Solomon Islands,3918
2019,Passenger,Tokelau,2142
2019,Passenger,Tonga,20110
2019,Passenger,Tuvalu,898
2019,Passenger,Vanuatu,43468
2019,Tanker,Cook Islands,14378
2019,Tanker,Fiji,22394
2019,Tanker,Kiribati,42486
2019,Tanker,Marshall Islands,26430
2019,Tanker,Micronesia,499649
2019,Tanker,Nauru,7452
2019,Tanker,Niue,3538
2019,Tanker,Palau,83653
2019,Tanker,Papua New Guinea,1223802
2019,Tanker,Samoa,1812
2019,Tanker,Solomon Islands,40031
2019,Tanker,Tokelau,901
2019,Tanker,Tonga,6994
2019,Tanker,Tuvalu,3468
2019,Tanker,Vanuatu,10005
2020,Cargo,Cook Islands,81997
2020,Cargo,Fiji,87971
2020,Cargo,Kiribati,173993
2020,Cargo,Marshall Islands,87798
2020,Cargo,Micronesia,1472604
2020,Cargo,Nauru,16564
2020,Cargo,Niue,13118
2020,Cargo,Palau,441513
2020,Cargo,Papua New Guinea,3818248
2020,Cargo,Samoa,19596
2020,Cargo,Solomon Islands,199551
2020,Cargo,Tokelau,11017
2020,Cargo,Tonga,23469
2020,Cargo,Tuvalu,25857
2020,Cargo,Vanuatu,36021
2020,Fishing,Cook Islands,18992
2020,Fishing,Fiji,11412
2020,Fishing,Kiribati,116513
2020,Fishing,Marshall Islands,37428
2020,Fishing,Micronesia,116677
2020,Fishing,Nauru,27850
2020,Fishing,Niue,1222
2020,Fishing,Palau,2862
2020,Fishing,Papua New Guinea,149562
2020,Fishing,Samoa,2557
2020,Fishing,Solomon Islands,37743
2020,Fishing,Tokelau,4575
2020,Fishing,Tonga,3195
2020,Fishing,Tuvalu,26844
2020,Fishing,Vanuatu,13251
2020,Others,Cook Islands,12235
2020,Others,Fiji,17981
2020,Others,Kiribati,10334
2020,Others,Marshall Islands,6703
2020,Others,Micronesia,27493
2020,Others,Nauru,9372
2020,Others,Niue,1647
2020,Others,Palau,4708
2020,Others,Papua New Guinea,38734
2020,Others,Samoa,2976
2020,Others,Solomon Islands,8079
2020,Others,Tokelau,2503
2020,Others,Tonga,2967
2020,Others,Tuvalu,3796
2020,Others,Vanuatu,3591
2020,Passenger,Cook Islands,8252
2020,Passenger,Fiji,38526
2020,Passenger,Kiribati,5839
2020,Passenger,Marshall Islands,619
2020,Passenger,Micronesia,2681
2020,Passenger,Nauru,159
2020,Passenger,Niue,1832
2020,Passenger,Palau,3700
2020,Passenger,Papua New Guinea,33145
2020,Passenger,Samoa,697
2020,Passenger,Solomon Islands,917
2020,Passenger,Tokelau,628
2020,Passenger,Tonga,6476
2020,Passenger,Tuvalu,371
2020,Passenger,Vanuatu,15509
2020,Tanker,Cook Islands,11161
2020,Tanker,Fiji,19842
2020,Tanker,Kiribati,38134
2020,Tanker,Marshall Islands,21406
2020,Tanker,Micronesia,474568
2020,Tanker,Nauru,8801
2020,Tanker,Niue,2543
2020,Tanker,Palau,93288
2020,Tanker,Papua New Guinea,1134544
2020,Tanker,Samoa,1219
2020,Tanker,Solomon Islands,32587
2020,Tanker,Tokelau,375
2020,Tanker,Tonga,6193
2020,Tanker,Tuvalu,3645
2020,Tanker,Vanuatu,8095
2021,Cargo,Cook Islands,77007
2021,Cargo,Fiji,99034
2021,Cargo,Kiribati,206716
2021,Cargo,Marshall Islands,106544
2021,Cargo,Micronesia,1593971
2021,Cargo,Nauru,18988
2021,Cargo,Niue,11674
2021,Cargo,Palau,469278
2021,Cargo,Papua New Guinea,4075144
2021,Cargo,Samoa,13510
2021,Cargo,Solomon Islands,217110
2021,Cargo,Tokelau,12875
2021,Cargo,Tonga,24787
2021,Cargo,Tuvalu,23329
2021,Cargo,Vanuatu,38439
2021,Fishing,Cook Islands,14008
2021,Fishing,Fiji,7729
2021,Fishing,Kiribati,83418
2021,Fishing,Marshall Islands,36023
2021,Fishing,Micronesia,85793
2021,Fishing,Nauru,24455
2021,Fishing,Niue,256
2021,Fishing,Palau,3034
2021,Fishing,Papua New Guinea,137979
2021,Fishing,Samoa,1715
2021,Fishing,Solomon Islands,26997
2021,Fishing,Tokelau,2849
2021,Fishing,Tonga,1926
2021,Fishing,Tuvalu,12265
2021,Fishing,Vanuatu,5490
2021,Others,Cook Islands,4275
2021,Others,Fiji,29951
2021,Others,Kiribati,11765
2021,Others,Marshall Islands,5484
2021,Others,Micronesia,20766
2021,Others,Nauru,12988
2021,Others,Niue,921
2021,Others,Palau,6728
2021,Others,Papua New Guinea,29202
2021,Others,Samoa,1374
2021,Others,Solomon Islands,8529
2021,Others,Tokelau,1036
2021,Others,Tonga,2221
2021,Others,Tuvalu,4770
2021,Others,Vanuatu,3001
2021,Passenger,Cook Islands,1728
2021,Passenger,Fiji,15261
2021,Passenger,Kiribati,262
2021,Passenger,Marshall Islands,784
2021,Passenger,Micronesia,2431
2021,Passenger,Nauru,223
2021,Passenger,Niue,299
2021,Passenger,Palau,627
2021,Passenger,Papua New Guinea,17131
2021,Passenger,Samoa,965
2021,Passenger,Solomon Islands,803
2021,Passenger,Tokelau,142
2021,Passenger,Tonga,1423
2021,Passenger,Tuvalu,260
2021,Passenger,Vanuatu,1301
2021,Tanker,Cook Islands,11685
2021,Tanker,Fiji,20616
2021,Tanker,Kiribati,33327
2021,Tanker,Marshall Islands,23202
2021,Tanker,Micronesia,468464
2021,Tanker,Nauru,17394
2021,Tanker,Niue,3179
2021,Tanker,Palau,85268
2021,Tanker,Papua New Guinea,1141136
2021,Tanker,Samoa,1421
2021,Tanker,Solomon Islands,26869
2021,Tanker,Tokelau,719
2021,Tanker,Tonga,6743
2021,Tanker,Tuvalu,3781
2021,Tanker,Vanuatu,8170
2022,Cargo,Cook Islands,97063
2022,Cargo,Fiji,91311
2022,Cargo,Kiribati,212578
2022,Cargo,Marshall Islands,104843
2022,Cargo,Micronesia,1480155
2022,Cargo,Nauru,17435
2022,Cargo,Niue,14937
2022,Cargo,Palau,410797
2022,Cargo,Papua New Guinea,3726691
2022,Cargo,Samoa,9635
2022,Cargo,Solomon Islands,199590
2022,Cargo,Tokelau,13982
2022,Cargo,Tonga,30413
2022,Cargo,Tuvalu,24597
2022,Cargo,Vanuatu,35741
2022,Fishing,Cook Islands,17255
2022,Fishing,Fiji,11712
2022,Fishing,Kiribati,69214
2022,Fishing,Marshall Islands,36783
2022,Fishing,Micronesia,72712
2022,Fishing,Nauru,12162
2022,Fishing,Niue,333
2022,Fishing,Palau,4609
2022,Fishing,Papua New Guinea,115935
2022,Fishing,Samoa,2334
2022,Fishing,Solomon Islands,33720
2022,Fishing,Tokelau,3977
2022,Fishing,Tonga,2203
2022,Fishing,Tuvalu,8948
2022,Fishing,Vanuatu,12359
2022,Others,Cook Islands,106183
2022,Others,Fiji,132838
2022,Others,Kiribati,38248
2022,Others,Marshall Islands,8238
2022,Others,Micronesia,21837
2022,Others,Nauru,5062
2022,Others,Niue,6796
2022,Others,Palau,4807
2022,Others,Papua New Guinea,51931
2022,Others,Samoa,4544
2022,Others,Solomon Islands,23124
2022,Others,Tokelau,5356
2022,Others,Tonga,16414
2022,Others,Tuvalu,7476
2022,Others,Vanuatu,61955
2022,Passenger,Cook Islands,9380
2022,Passenger,Fiji,28749
2022,Passenger,Kiribati,14576
2022,Passenger,Marshall Islands,127
2022,Passenger,Micronesia,405
2022,Passenger,Nauru,89
2022,Passenger,Niue,2320
2022,Passenger,Palau,122
2022,Passenger,Papua New Guinea,28808
2022,Passenger,Samoa,2410
2022,Passenger,Solomon Islands,1828
2022,Passenger,Tokelau,1363
2022,Passenger,Tonga,4816
2022,Passenger,Tuvalu,350
2022,Passenger,Vanuatu,8261
2022,Tanker,Cook Islands,13565
2022,Tanker,Fiji,22800
2022,Tanker,Kiribati,34979
2022,Tanker,Marshall Islands,18648
2022,Tanker,Micronesia,507224
2022,Tanker,Nauru,9189
2022,Tanker,Niue,3838
2022,Tanker,Palau,90187
2022,Tanker,Papua New Guinea,1206394
2022,Tanker,Samoa,1309
2022,Tanker,Solomon Islands,33945
2022,Tanker,Tokelau,1203
2022,Tanker,Tonga,8138
2022,Tanker,Tuvalu,4759
2022,Tanker,Vanuatu,8810
2023,Cargo,Cook Islands,89440
2023,Cargo,Fiji,102133
2023,Cargo,Kiribati,198489
2023,Cargo,Marshall Islands,97722
2023,Cargo,Micronesia,1378589
2023,Cargo,Nauru,13556
2023,Cargo,Niue,14392
2023,Cargo,Palau,407871
2023,Cargo,Papua New Guinea,3646050
2023,Cargo,Samoa,9810
2023,Cargo,Solomon Islands,189607
2023,Cargo,Tokelau,9779
2023,Cargo,Tonga,36548
2023,Cargo,Tuvalu,21572
2023,Cargo,Vanuatu,46396
2023,Fishing,Cook Islands,21969
2023,Fishing,Fiji,11118
2023,Fishing,Kiribati,92773
2023,Fishing,Marshall Islands,40540
2023,Fishing,Micronesia,62715
2023,Fishing,Nauru,9967
2023,Fishing,Niue,302
2023,Fishing,Palau,2548
2023,Fishing,Papua New Guinea,81438
2023,Fishing,Samoa,1995
2023,Fishing,Solomon Islands,35141
2023,Fishing,Tokelau,2213
2023,Fishing,Tonga,2935
2023,Fishing,Tuvalu,10272
2023,Fishing,Vanuatu,8704
2023,Others,Cook Islands,135234
2023,Others,Fiji,155218
2023,Others,Kiribati,79978
2023,Others,Marshall Islands,12847
2023,Others,Micronesia,36882
2023,Others,Nauru,1708
2023,Others,Niue,10547
2023,Others,Palau,4390
2023,Others,Papua New Guinea,73860
2023,Others,Samoa,7024
2023,Others,Solomon Islands,47452
2023,Others,Tokelau,3561
2023,Others,Tonga,34797
2023,Others,Tuvalu,9842
2023,Others,Vanuatu,77599
2023,Passenger,Cook Islands,22203
2023,Passenger,Fiji,61885
2023,Passenger,Kiribati,34644
2023,Passenger,Marshall Islands,2037
2023,Passenger,Micronesia,4521
2023,Passenger,Nauru,11
2023,Passenger,Niue,3680
2023,Passenger,Palau,1699
2023,Passenger,Papua New Guinea,43269
2023,Passenger,Samoa,4158
2023,Passenger,Solomon Islands,4313
2023,Passenger,Tokelau,2106
2023,Passenger,Tonga,23658
2023,Passenger,Tuvalu,1315
2023,Passenger,Vanuatu,37926
2023,Tanker,Cook Islands,11444
2023,Tanker,Fiji,20064
2023,Tanker,Kiribati,39574
2023,Tanker,Marshall Islands,17078
2023,Tanker,Micronesia,484400
2023,Tanker,Nauru,7522
2023,Tanker,Niue,2579
2023,Tanker,Palau,115856
2023,Tanker,Papua New Guinea,1217811
2023,Tanker,Samoa,1457
2023,Tanker,Solomon Islands,37943
2023,Tanker,Tokelau,1140
2023,Tanker,Tonga,6433
2023,Tanker,Tuvalu,4647
2023,Tanker,Vanuatu,9672
2024,Cargo,Cook Islands,88089
2024,Cargo,Fiji,106537
2024,Cargo,Kiribati,206461
2024,Cargo,Marshall Islands,108836
2024,Cargo,Micronesia,1403766
2024,Cargo,Nauru,10919
2024,Cargo,Niue,14642
2024,Cargo,Palau,409347
2024,Cargo,Papua New Guinea,3613234
2024,Cargo,Samoa,11117
2024,Cargo,Solomon Islands,180389
2024,Cargo,Tokelau,7068
2024,Cargo,Tonga,38748
2024,Cargo,Tuvalu,22586
2024,Cargo,Vanuatu,52198
2024,Fishing,Cook Islands,18852
2024,Fishing,Fiji,12826
2024,Fishing,Kiribati,71527
2024,Fishing,Marshall Islands,32827
2024,Fishing,Micronesia,73891
2024,Fishing,Nauru,7116
2024,Fishing,Niue,202
2024,Fishing,Palau,3329
2024,Fishing,Papua New Guinea,95461
2024,Fishing,Samoa,1201
2024,Fishing,Solomon Islands,33703
2024,Fishing,Tokelau,1489
2024,Fishing,Tonga,2638
2024,Fishing,Tuvalu,15342
2024,Fishing,Vanuatu,10206
2024,Others,Cook Islands,94120
2024,Others,Fiji,196088
2024,Others,Kiribati,124966
2024,Others,Marshall Islands,13879
2024,Others,Micronesia,35724
2024,Others,Nauru,1993
2024,Others,Niue,12121
2024,Others,Palau,7496
2024,Others,Papua New Guinea,90568
2024,Others,Samoa,3484
2024,Others,Solomon Islands,55527
2024,Others,Tokelau,2535
2024,Others,Tonga,35432
2024,Others,Tuvalu,23209
2024,Others,Vanuatu,79320
2024,Passenger,Cook Islands,25445
2024,Passenger,Fiji,66798
2024,Passenger,Kiribati,29506
2024,Passenger,Marshall Islands,3580
2024,Passenger,Micronesia,7173
2024,Passenger,Nauru,10
2024,Passenger,Niue,4035
2024,Passenger,Palau,2135
2024,Passenger,Papua New Guinea,46899
2024,Passenger,Samoa,6606
2024,Passenger,Solomon Islands,4562
2024,Passenger,Tokelau,3687
2024,Passenger,Tonga,19135
2024,Passenger,Tuvalu,556
2024,Passenger,Vanuatu,46784
2024,Tanker,Cook Islands,11931
2024,Tanker,Fiji,21119
2024,Tanker,Kiribati,28829
2024,Tanker,Marshall Islands,19914
2024,Tanker,Micronesia,486845
2024,Tanker,Nauru,6135
2024,Tanker,Niue,2023
2024,Tanker,Palau,109380
2024,Tanker,Papua New Guinea,1239825
2024,Tanker,Samoa,1691
2024,Tanker,Solomon Islands,40867
2024,Tanker,Tokelau,1070
2024,Tanker,Tonga,6129
2024,Tanker,Tuvalu,4939
2024,Tanker,Vanuatu,10251